,Charged +,Hydrophilic,Hydrophobic
Mean,1.4050018111706686,3.4159811265035014,1.4516121977160363
Standard Deviation,0.0,0.0,0.0
