,Hydrophilic,Hydrophobic,Charged +
Mean,3.9018357574585774,2.799741910377623,1.4865369453407409
Standard Deviation,0.2477685288740722,0.0,0.05849235399296304
